<?xml version="1.0" encoding="UTF-8"?>
<data>
    <AU_PROJECT>
        <au_projectOwner><![CDATA[null]]></au_projectOwner>
        <au_activeVersion><![CDATA[1]]></au_activeVersion>
        <au_userOwner><![CDATA[IndigoUser:11612273322149]]></au_userOwner>
        <au_modifiedDate><![CDATA[2021-01-08 19:40:33.0]]></au_modifiedDate>
        <au_revision><![CDATA[null]]></au_revision>
        <au_projectGroup><![CDATA[IndigoGroup:192168001075148181566048300002]]></au_projectGroup>
        <au_groupOwner><![CDATA[IndigoGroup:192168001075148181566048300002]]></au_groupOwner>
        <au_modifiedBy><![CDATA[IndigoUser:11612273322149]]></au_modifiedBy>
        <au_synchronized><![CDATA[0]]></au_synchronized>
        <au_entityName><![CDATA[Fabric Q1]]></au_entityName>
        <au_creationDate><![CDATA[2021-01-08 18:38:29.0]]></au_creationDate>
        <au_version><![CDATA[1]]></au_version>
        <au_permissionMask><![CDATA[777]]></au_permissionMask>
        <au_id><![CDATA[11608641769551]]></au_id>
        <au_previousVersion><![CDATA[]]></au_previousVersion>
        <au_description><![CDATA[Fabric Q1 Activity]]></au_description>
        <au_comments><![CDATA[null]]></au_comments>
        <au_projectType><![CDATA[3700]]></au_projectType>
    </AU_PROJECT>
    <columnInfo dbtype="4">
        <column name="au_id" type="12"/>
        <column name="au_version" type="12"/>
        <column name="au_previousVersion" type="12"/>
        <column name="au_activeVersion" type="3"/>
        <column name="au_entityName" type="12"/>
        <column name="au_userOwner" type="12"/>
        <column name="au_groupOwner" type="12"/>
        <column name="au_permissionMask" type="12"/>
        <column name="au_description" type="12"/>
        <column name="au_comments" type="12"/>
        <column name="au_modifiedBy" type="12"/>
        <column name="au_creationDate" type="93"/>
        <column name="au_modifiedDate" type="93"/>
        <column name="au_revision" type="12"/>
        <column name="au_synchronized" type="3"/>
        <column name="au_projectOwner" type="12"/>
        <column name="au_projectGroup" type="12"/>
        <column name="au_projectType" type="4"/>
    </columnInfo>
    <AU_PROJECT>
        <au_activeVersion><![CDATA[1]]></au_activeVersion>
        <au_description><![CDATA[Project created by Bipin Hinge for evaluation purpose]]></au_description>
        <au_previousVersion><![CDATA[]]></au_previousVersion>
        <au_creationDate><![CDATA[2021-03-24 04:56:27.0]]></au_creationDate>
        <au_id><![CDATA[11616389253467]]></au_id>
        <au_synchronized><![CDATA[null]]></au_synchronized>
        <au_version><![CDATA[1]]></au_version>
        <au_permissionMask><![CDATA[777]]></au_permissionMask>
        <au_userOwner><![CDATA[IndigoUser:11612301813895]]></au_userOwner>
        <au_modifiedDate><![CDATA[2021-03-24 04:56:27.0]]></au_modifiedDate>
        <au_modifiedBy><![CDATA[IndigoUser:11612301813895]]></au_modifiedBy>
        <au_revision><![CDATA[null]]></au_revision>
        <au_projectType><![CDATA[3700]]></au_projectType>
        <au_projectGroup><![CDATA[IndigoGroup:192168001075148181566048300002]]></au_projectGroup>
        <au_entityName><![CDATA[BH_Project]]></au_entityName>
        <au_groupOwner><![CDATA[IndigoGroup:192168001075148181566048300002]]></au_groupOwner>
        <au_projectOwner><![CDATA[null]]></au_projectOwner>
        <au_comments><![CDATA[null]]></au_comments>
    </AU_PROJECT>
    <AU_PROJECT>
        <au_groupOwner><![CDATA[IndigoGroup:192168001075148181566048300002]]></au_groupOwner>
        <au_creationDate><![CDATA[2021-03-16 10:26:36.0]]></au_creationDate>
        <au_id><![CDATA[11615525338865]]></au_id>
        <au_activeVersion><![CDATA[1]]></au_activeVersion>
        <au_comments><![CDATA[null]]></au_comments>
        <au_permissionMask><![CDATA[777]]></au_permissionMask>
        <au_version><![CDATA[1]]></au_version>
        <au_projectOwner><![CDATA[null]]></au_projectOwner>
        <au_entityName><![CDATA[Project_11615525338864]]></au_entityName>
        <au_userOwner><![CDATA[IndigoUser:11612273322149]]></au_userOwner>
        <au_modifiedBy><![CDATA[IndigoUser:11612273322149]]></au_modifiedBy>
        <au_modifiedDate><![CDATA[2021-03-16 10:26:36.0]]></au_modifiedDate>
        <au_projectType><![CDATA[3701]]></au_projectType>
        <au_revision><![CDATA[null]]></au_revision>
        <au_description><![CDATA[AMR Group]]></au_description>
        <au_synchronized><![CDATA[0]]></au_synchronized>
        <au_previousVersion><![CDATA[]]></au_previousVersion>
        <au_projectGroup><![CDATA[IndigoGroup:192168001075148181566048300002]]></au_projectGroup>
    </AU_PROJECT>
    <AU_PROJECT>
        <au_modifiedDate><![CDATA[2021-01-12 21:28:05.0]]></au_modifiedDate>
        <au_modifiedBy><![CDATA[IndigoUser:11610461234093]]></au_modifiedBy>
        <au_creationDate><![CDATA[2021-01-12 21:28:05.0]]></au_creationDate>
        <au_description><![CDATA[SWIFT XML ]]></au_description>
        <au_permissionMask><![CDATA[777]]></au_permissionMask>
        <au_activeVersion><![CDATA[1]]></au_activeVersion>
        <au_projectType><![CDATA[3701]]></au_projectType>
        <au_entityName><![CDATA[Project_11610461234133]]></au_entityName>
        <au_comments><![CDATA[null]]></au_comments>
        <au_synchronized><![CDATA[0]]></au_synchronized>
        <au_userOwner><![CDATA[IndigoUser:11610461234093]]></au_userOwner>
        <au_version><![CDATA[1]]></au_version>
        <au_projectGroup><![CDATA[IndigoGroup:192168001075148181566048300002]]></au_projectGroup>
        <au_previousVersion><![CDATA[]]></au_previousVersion>
        <au_id><![CDATA[11610461234134]]></au_id>
        <au_projectOwner><![CDATA[null]]></au_projectOwner>
        <au_revision><![CDATA[null]]></au_revision>
        <au_groupOwner><![CDATA[IndigoGroup:192168001075148181566048300002]]></au_groupOwner>
    </AU_PROJECT>
    <AU_PROJECT>
        <au_modifiedBy><![CDATA[IndigoUser:127000000001107055536473900001]]></au_modifiedBy>
        <au_creationDate><![CDATA[2021-01-25 18:21:29.0]]></au_creationDate>
        <au_synchronized><![CDATA[1]]></au_synchronized>
        <au_previousVersion><![CDATA[]]></au_previousVersion>
        <au_modifiedDate><![CDATA[2021-01-25 18:21:29.0]]></au_modifiedDate>
        <au_revision><![CDATA[5ad3cf2808aa5862c72883a927afd741ad44b084]]></au_revision>
        <au_id><![CDATA[1611579078015]]></au_id>
        <au_projectOwner><![CDATA[null]]></au_projectOwner>
        <au_activeVersion><![CDATA[1]]></au_activeVersion>
        <au_version><![CDATA[1]]></au_version>
        <au_permissionMask><![CDATA[777]]></au_permissionMask>
        <au_description><![CDATA[Project_IndividualHealth_Default]]></au_description>
        <au_projectGroup><![CDATA[IndigoGroup:192168001075148181566048300002]]></au_projectGroup>
        <au_projectType><![CDATA[3700]]></au_projectType>
        <au_groupOwner><![CDATA[IndigoGroup:192168001075148181566048300002]]></au_groupOwner>
        <au_comments><![CDATA[null]]></au_comments>
        <au_userOwner><![CDATA[IndigoUser:127000000001107055536473900001]]></au_userOwner>
        <au_entityName><![CDATA[Project_IndividualHealth_Default]]></au_entityName>
    </AU_PROJECT>
</data>
