{"license":[{"color":"#00cc00","name":"Status","value":"Valid till Jun 18, 2022"},{"name":"Product Version","value":"3.4.05"},{"name":"Build Tag","value":"Release_AC_3_4_05_06Apr2021"},{"name":"Details","value":"link"}],"backend-database":[{"color":"#00cc00","name":"Available","value":"Yes"},{"name":"Type","value":"SQL-Server"}],"cluster":[{"name":"Status","value":"Disabled"},{"display-type":"none","name":"Nodes Information","value":[{"Name":"10.0.1.109","Status":"DOWN","Type":""}]}],"scheduler":[{"name":"Status","warning-message":"Scheduler is stopped. <a class=\"system-console-hyperlink-text\" href=\"https://docs.adeptia.com/x/llpHAg\" target=\"_blank\">Click here</a> to know how to start.","value":"Stopped","threshold-crossed":true},{"name":"Thread Count","value":"50"},{"name":"Thread Priority","value":"5"},{"name":"Misfire Threshold","value":"60000 miliseconds"},{"name":"Total Active Events","value":"2"},{"name":"Misfired Events in Last 24 Hours","value":"0"}],"process-execution":[{"color":"#00cc00","name":"Queue Processor Status","value":"Enabled"},{"name":"Concurrent Process Flow Execution Limit","value":5},{"name":"Running Process Flows","value":"0"},{"name":"Waiting Process Flows","value":"0"},{"name":"Queued Process Flows","value":"0"},{"name":"Total Active Process Flow","value":61},{"name":"Logging Level","warning-message":"In production, the Logging Level should be set as ERROR for better performance.","value":"ERROR: 55, \tINFO: 6, \tDEBUG: 0"},{"name":"Activity Logging Retention","warning-message":"In production, the Activity Logging Retention field should be set as NO LOGGING for better performance.","value":"NO LOGGING: 0, \tDELETE ON SUCCESS: 22, \tDONT DELETE: 39"},{"name":"Repository Retention","warning-message":"In production, the Repository File Retention field should be set as DELETE for better performance.","value":"DELETE: 0, \tDELETE ON SUCCESS: 0, \tDONT DELETE: 50"},{"name":"JDO Cache","value":"Enabled"},{"name":"Repository Disk Space","used":"14.4 GB","total":"50 GB","used-percentage":28,"display-type":"graph","PF Repository":"<b>PF Repository: </b>31.4 kB","SOAP Attachment":"<b>SOAP Attachment: </b>0","REST Attachment":"<b>REST Attachment: </b>0","Others":"<b>Others: </b>14.4 GB","PF_REPO_PATH":"/mnt/Installed/Adeptia/AdeptiaConnect-3.4/ConnectServer/AdeptiaServer/ServerKernel/web/repository","REST_REPO_PATH":"/mnt/Installed/Adeptia/AdeptiaConnect-3.4/ConnectServer/AdeptiaServer/ServerKernel/web/Attachments","SOAP_REPO_PATH":"/mnt/Installed/Adeptia/AdeptiaConnect-3.4/ConnectServer/AdeptiaServer/ServerKernel/web/Attachments"}],"log-database":[{"color":"#00cc00","name":"Available","value":"Yes"},{"name":"Type","value":"SQL-Server"},{"name":"Process Flow Logs","value":"24 Records"},{"name":"Event Logs","value":"48 Records"},{"name":"System Logs","value":"452146 Records"},{"name":"Audit Trail","value":"144 Records"},{"name":"B2B Logs","value":"0 Records"},{"name":"SAP Logs","value":"0 Records"},{"name":"Log Cleanup Status","value":"Success"},{"name":"Log Cleanup Execution Time","value":"05/21/2021 03:00:49"},{"error-message":"Unable to get the information, try after some time. If problem persists <a class=\"system-console-hyperlink-text\" href=\"https://docs.adeptia.com/x/llpHAg\" target=\"_blank\">Click here</a> to troubleshoot.","name":"Next Scheduled Execution Time of Log Cleanup","value":"Not Available"}],"archive-log-database":[{"name":"Separate from Log Database","value":"No"},{"color":"#00cc00","name":"Available","value":"Yes"},{"name":"Type","value":"SQL-Server"},{"name":"Process Flow Logs","value":"0 Records"},{"name":"B2B Logs","value":"0 Records"},{"name":"SAP Logs","value":"0 Records"},{"name":"Archival Log Cleanup Status","value":"Success"},{"name":"Archival Log Cleanup Execution Time","value":"05/21/2021 03:00:56"},{"error-message":"Unable to get the information, try after some time. If problem persists <a class=\"system-console-hyperlink-text\" href=\"https://docs.adeptia.com/x/llpHAg\" target=\"_blank\">Click here</a> to troubleshoot.","name":"Next Scheduled Execution Time of Archival Log Cleanup ","value":"Not Available"}],"node":[{"system-info":[{"name":"CPU","used":0,"total":100,"used-percentage":0,"display-type":"graph"},{"name":"RAM","total":"7.7 GB","used":"6.7 GB","used-percentage":87,"threshold-crossed":true,"warning-message":"Multiple processes involved resulting in low memory. <a class=\"system-console-hyperlink-text\" href=\"https://docs.adeptia.com/x/llpHAg\" target=\"_blank\">Click here</a> to troubleshoot.","display-type":"graph"},{"name":"Disk","used":"14.4 GB","total":"50 GB","used-percentage":28,"display-type":"graph"},{"name":"Operating System","value":"Linux Version 4.14.219-161.340.amzn2.x86_64"},{"name":"Processor Architecture","value":"amd64"},{"name":"Processor","value":"Intel(R) Xeon(R) Platinum 8259CL CPU @ 2.50GHz"},{"name":"Number Of Processors","value":"2"}],"kernel":[{"name":"Status","warning-message":"Kernel is OFF. <a class=\"system-console-hyperlink-text\" href=\"https://docs.adeptia.com/x/llpHAg\" target=\"_blank\">Click here</a> to troubleshoot.","value":"OFF","threshold-crossed":true}],"webRunner":[{"color":"#00cc00","name":"Status","value":"ON"},{"name":"Start Time","value":"May 20, 2021 11:06:01 UTC"},{"name":"Up Time","value":"4 day(s) 4 hour(s) 14 min(s)"},{"name":"Used Memory","used":"308.44 MB","total":"497.5 MB","used-percentage":61,"display-type":"graph","NOTE_TOTAL":"<b>Total: </b>Represents the amount of committed heap memory that is guaranteed to be available for use.","NOTE_USED":"<b>Used: </b>Represents the amount of heap memory currently used."},{"name":"Live Thread Count","value":"51"},{"name":"Deadlock Thread Count","value":"0"},{"total":25,"display-type":"graph","name":"Backend Database Connection Pool","used":0},{"total":25,"display-type":"graph","name":"Log Database Connection Pool","used":0},{"display-type":"table","name":"Garbage Collection Information","value":[{"Name":"PS Scavenge","Number Of Collections":302,"Total Time Spent":"0.203 min"},{"Name":"PS MarkSweep","Number Of Collections":104,"Total Time Spent":"1.917 min"}]},{"name":"Queued Log Events","value":2}]}]}
